﻿Designator,Footprint,Quantity,Value,LCSC Part #
"C1, C11, C12, C13, C14, C2, C3, C8",0805,8,100nF,
C10,0805,1,1nF,
"C15, C16, C4, C5, C6",0805,5,10nF,
"C17, C7, C9",0805,3,10uF,
FB1,0603,1,1K,
J1,SMA_Samtec_SMA-J-P-X-ST-EM1_EdgeMount,1,10MHz Out,
J10,PinHeader_1x03_P2.54mm_Horizontal,1,NEO USB Serial,
J11,PinHeader_1x04_P2.54mm_Horizontal,1,RPi Interconnect,
J12,PinHeader_1x03_P2.54mm_Horizontal,1,NANO USB Serial,
J13,PinHeader_1x06_P2.54mm_Horizontal,1,Serial interconnect,
"J3, J4",PinHeader_1x02_P2.54mm_Horizontal,2,10MHz,
J7,PinHeader_1x03_P2.54mm_Horizontal,1,RF interconnect,
J8,SMA_Samtec_SMA-J-P-X-ST-EM1_EdgeMount,1,1PPS Out,
J9,SMA_Samtec_SMA-J-P-X-ST-EM1_EdgeMount,1,1PPS In,
PS1,Converter_DCDC_HN_MODUL_SIM1-0505,1,SIM1-0505,
"R1, R2, R3",0805,3,1M,
"R10, R13, R21",0805,3,10R,
"R11, R14, R16, R19, R20",0805,5,1K,
"R12, R15",0805,2,2K2,
"R17, R18",0805,2,270R,
"R4, R5, R6, R7, R8, R9",0805,6,100R,
"TR1, TR2, TR3",PE-65612,3,PE-65612,
U1,SOIC-14_3.9x8.7mm_P1.27mm,1,74HC14,
"U2, U3",DIP-6_W7.62mm_LongPads,2,CNY17-3,
U4,DIP-8_W7.62mm,1,LTV-827,
